epoch,time,train/box_loss,train/seg_loss,train/cls_loss,train/dfl_loss,metrics/precision(B),metrics/recall(B),metrics/mAP50(B),metrics/mAP50-95(B),metrics/precision(M),metrics/recall(M),metrics/mAP50(M),metrics/mAP50-95(M),val/box_loss,val/seg_loss,val/cls_loss,val/dfl_loss,lr/pg0,lr/pg1,lr/pg2
1,8.57061,2.25646,4.45765,4.14679,1.79425,0,0,0,0,0,0,0,0,2.95041,5.05026,4.41391,2.4311,2e-05,2e-05,2e-05
2,16.6817,2.32097,4.70386,4.24666,1.84669,0,0,0,0,0,0,0,0,2.96209,5.04266,4.37187,2.43329,5.98515e-05,5.98515e-05,5.98515e-05
3,25.979,2.36352,4.65744,4.18815,1.85467,0,0,0,0,0,0,0,0,2.95309,5.02993,4.33653,2.42433,9.9505e-05,9.9505e-05,9.9505e-05
4,33.4051,2.44842,4.62457,4.32055,1.85218,0,0,0,0,0,0,0,0,2.95172,5.01449,4.31255,2.42956,0.000138961,0.000138961,0.000138961
5,41.5845,2.31928,4.5298,4.33174,1.78635,0.6318,0.10726,0.13901,0.08704,0.03467,0.29545,0.02542,0.00835,1.65387,4.40351,2.39167,1.28572,0.000178218,0.000178218,0.000178218
6,51.3632,1.95649,4.25204,2.34857,1.31693,0.27677,0.23864,0.21756,0.13836,0.25923,0.22159,0.19046,0.09703,1.4878,3.83854,1.96993,1.21435,0.000217278,0.000217278,0.000217278
7,59.2803,1.65627,4.32305,1.90561,1.27077,0.46457,0.375,0.38618,0.24163,0.44104,0.36364,0.36645,0.19389,1.43346,3.61053,1.87429,1.23534,0.000256139,0.000256139,0.000256139
8,67.5207,1.46415,3.23496,1.80821,1.29553,0.47962,0.3404,0.33741,0.20553,0.43232,0.30682,0.27256,0.12529,1.51136,4.34642,1.91889,1.20614,0.000294803,0.000294803,0.000294803
9,77.3927,1.50534,2.9933,1.49181,1.21801,0.49085,0.52037,0.50678,0.29298,0.47375,0.49432,0.43708,0.1922,1.45254,3.5214,1.49073,1.15662,0.000333268,0.000333268,0.000333268
10,84.7325,1.44978,2.95903,1.35002,1.18263,0.64836,0.60227,0.60679,0.3659,0.68702,0.57955,0.59687,0.2893,1.37347,2.9628,1.18133,1.1615,0.000371535,0.000371535,0.000371535
11,94.1282,1.39787,2.86908,1.32337,1.17278,0.56548,0.5176,0.498,0.29706,0.5674,0.47694,0.46804,0.22744,1.40407,3.43208,1.29673,1.13164,0.000409605,0.000409605,0.000409605
12,99.883,1.32174,2.51423,1.31297,1.18488,0.46924,0.42045,0.39058,0.2171,0.46975,0.42045,0.37967,0.16943,1.54384,3.47248,1.86259,1.25837,0.000447476,0.000447476,0.000447476
13,107.894,1.41408,2.84621,1.29976,1.16811,0.30601,0.39773,0.27255,0.16901,0.29289,0.38068,0.26361,0.12487,1.45279,3.25693,1.77521,1.21168,0.00048515,0.00048515,0.00048515
14,114.441,1.29663,2.42582,1.10914,1.16071,0.52736,0.56422,0.47775,0.26892,0.49302,0.53977,0.44025,0.19646,1.42455,3.19115,1.69809,1.20859,0.000522626,0.000522626,0.000522626
15,122.308,1.38157,2.55101,1.17836,1.17811,0.34635,0.53589,0.33034,0.18507,0.30836,0.48384,0.27977,0.114,1.43088,3.84892,2.35821,1.2058,0.000559903,0.000559903,0.000559903
16,129.762,1.32215,2.46551,1.34746,1.11044,0.35372,0.61364,0.37658,0.21506,0.29937,0.51705,0.30069,0.12138,1.46078,3.93542,1.50893,1.20613,0.000596983,0.000596983,0.000596983
17,137.062,1.24683,2.4267,1.29636,1.12194,0.5622,0.59659,0.58374,0.32806,0.5033,0.53409,0.44971,0.16261,1.46841,4.39038,1.90819,1.22552,0.000633864,0.000633864,0.000633864
18,144.479,1.39014,2.68595,1.34062,1.15572,0.54242,0.64205,0.57452,0.31371,0.47986,0.55682,0.45607,0.17448,1.43204,5.07462,3.72848,1.2,0.000670548,0.000670548,0.000670548
19,151.677,1.31313,2.46162,1.16088,1.14129,0.39527,0.53851,0.3798,0.20959,0.37859,0.51579,0.3558,0.14853,1.45565,4.72426,3.78136,1.22738,0.000707033,0.000707033,0.000707033
20,158.566,1.40697,2.55254,1.17417,1.19311,0.35033,0.61932,0.33791,0.18663,0.34543,0.57955,0.30364,0.13935,1.55326,4.66685,3.36399,1.33888,0.00074332,0.00074332,0.00074332
21,167.538,1.3843,2.31916,1.15409,1.16259,0.08273,0.63068,0.06742,0.03947,0.07756,0.59091,0.06133,0.02769,1.63119,5.33285,10.0713,1.34245,0.00077941,0.00077941,0.00077941
22,176.14,1.47647,2.76013,1.1997,1.21643,0.006,0.05114,0.00315,0.00252,0.006,0.05114,0.00315,0.00202,1.54924,6.85207,44.9364,1.35492,0.000815302,0.000815302,0.000815302
23,183.008,1.29884,2.49472,1.09713,1.19036,0.28183,0.46591,0.22705,0.1329,0.23226,0.36364,0.15679,0.05514,1.5818,8.96391,6.24851,1.31371,0.000850995,0.000850995,0.000850995
24,192.352,1.43244,2.7916,1.19257,1.20046,0.29481,0.41331,0.23144,0.119,0.22454,0.35795,0.15061,0.05405,1.95692,10.0018,4.74925,1.69664,0.000886491,0.000886491,0.000886491
25,200.785,1.38916,2.75337,1.44398,1.15199,0.01667,0.14205,0.00952,0.00483,0.01133,0.09659,0.00622,0.00183,2.38122,10.1618,32.1535,1.86748,0.000921788,0.000921788,0.000921788
26,208.159,1.33311,2.61829,1.35278,1.15808,0.02384,0.1875,0.01401,0.00589,0.01814,0.11932,0.00921,0.00266,3.11044,23.8922,12.9699,2.9719,0.000956888,0.000956888,0.000956888
27,216.926,1.45979,2.73666,1.1683,1.15526,0.00133,0.01136,0.00067,0.0001,0.00069,0.00568,0.00034,7e-05,3.39073,16.9906,inf,3.09316,0.000991789,0.000991789,0.000991789
28,226.751,1.29379,2.36545,1.24307,1.17489,0.00133,0.01136,0.00067,0.0001,0.00069,0.00568,0.00034,7e-05,3.39073,16.9906,inf,3.09316,0.00102649,0.00102649,0.00102649
29,234.095,1.34599,2.57499,1.22492,1.18647,0.00133,0.01136,0.00067,0.0001,0.00069,0.00568,0.00034,7e-05,3.58,18.5105,inf,4.19247,0.001061,0.001061,0.001061
30,241.312,1.49988,2.82546,1.35952,1.25834,0.00133,0.01136,0.00067,0.0001,0.00069,0.00568,0.00034,7e-05,2.94839,15.5102,inf,2.96553,0.00109531,0.00109531,0.00109531
31,250.169,1.41917,2.71973,1.38833,1.25932,0.00133,0.01136,0.00067,0.0001,0.00069,0.00568,0.00034,7e-05,2.94839,15.5102,inf,2.96553,0.00112942,0.00112942,0.00112942
32,258.524,1.41081,2.67563,1.17864,1.18204,0.00133,0.01136,0.00067,0.0001,0.00069,0.00568,0.00034,7e-05,2.21917,9.9912,inf,1.69571,0.00116333,0.00116333,0.00116333
33,263.74,1.28038,2.40885,1.02946,1.15237,0.00067,0.00568,0.00034,0.00027,0.00067,0.00568,0.00034,0.00027,2.10506,8.58647,47.1461,1.6701,0.00119704,0.00119704,0.00119704
34,270.021,1.33075,2.76045,1.12784,1.16277,0.00067,0.00568,0.00034,0.00027,0.00067,0.00568,0.00034,0.00027,2.10506,8.58647,47.1461,1.6701,0.00123056,0.00123056,0.00123056
35,280.154,1.29587,2.54889,1.1588,1.13989,0.00067,0.00568,0.00034,0.00027,0.00067,0.00568,0.00034,0.00027,1.79377,7.62434,inf,1.43784,0.00126387,0.00126387,0.00126387
36,287.486,1.33632,2.68992,1.15356,1.13611,0.00067,0.00568,0.00034,0.00027,0.00067,0.00568,0.00034,0.00027,1.6115,7.31967,inf,1.36835,0.00129699,0.00129699,0.00129699
37,295.276,1.28934,2.49786,0.99783,1.11279,0.00067,0.00568,0.00034,0.00027,0.00067,0.00568,0.00034,0.00027,1.6115,7.31967,inf,1.36835,0.00132991,0.00132991,0.00132991
38,303.786,1.35201,2.52619,1.09572,1.18166,0.008,0.06818,0.00438,0.00319,0.00533,0.04545,0.00283,0.00115,1.55748,6.76246,inf,1.44456,0.00136264,0.00136264,0.00136264
39,310.002,1.39854,2.63558,1.24849,1.17442,0.00067,0.00568,0.00034,0.0003,0.00067,0.00568,0.00034,0.0002,1.51322,6.62535,inf,1.32301,0.00139516,0.00139516,0.00139516
40,318.457,1.36482,2.49271,1.13941,1.12519,0.00067,0.00568,0.00034,0.0003,0.00067,0.00568,0.00034,0.0002,1.51322,6.62535,inf,1.32301,0.00142749,0.00142749,0.00142749
41,325.407,1.25603,2.35374,1.05422,1.09875,0.00067,0.00568,0.00034,0.0003,0.00067,0.00568,0.00034,0.0002,1.48856,7.16886,inf,1.28452,0.00145962,0.00145962,0.00145962
42,333.436,1.16643,2.22635,1.01345,1.10861,0.03133,0.26705,0.02558,0.01653,0.02467,0.21023,0.01582,0.00679,1.40199,6.50793,39.461,1.28713,0.00149155,0.00149155,0.00149155
43,342.685,1.37804,2.62956,1.24356,1.1598,0.03133,0.26705,0.02558,0.01653,0.02467,0.21023,0.01582,0.00679,1.40199,6.50793,39.461,1.28713,0.00152329,0.00152329,0.00152329
44,349.548,1.39096,2.5896,1.30302,1.16854,0.06988,0.57386,0.05582,0.03429,0.05473,0.44886,0.03984,0.01322,1.48103,6.64676,31.9017,1.29894,0.00155482,0.00155482,0.00155482
45,357.413,1.26581,2.52328,1.07092,1.15464,0.06988,0.57386,0.05582,0.03429,0.05473,0.44886,0.03984,0.01322,1.48103,6.64676,31.9017,1.29894,0.00158616,0.00158616,0.00158616
46,365.85,1.37065,2.74457,1.14794,1.1724,0.00933,0.07955,0.00504,0.00269,0.006,0.05114,0.00316,0.00104,1.80261,7.29121,40.6414,1.42218,0.0016173,0.0016173,0.0016173
47,375.662,1.47377,2.72546,1.32047,1.22365,0.00933,0.07955,0.00504,0.00269,0.006,0.05114,0.00316,0.00104,1.80261,7.29121,40.6414,1.42218,0.00164824,0.00164824,0.00164824
48,384.34,1.66017,3.07906,1.44464,1.36415,0.16361,0.54238,0.13611,0.07147,0.09917,0.22727,0.05187,0.01182,1.81994,7.76502,6.81522,1.50919,0.00167898,0.00167898,0.00167898
49,391.35,1.28294,2.51816,1.12173,1.10832,0.16361,0.54238,0.13611,0.07147,0.09917,0.22727,0.05187,0.01182,1.81994,7.76502,6.81522,1.50919,0.00170953,0.00170953,0.00170953
50,399.56,1.32079,2.58739,1.09197,1.11885,0.12925,0.27273,0.08563,0.02903,0.02812,0.05114,0.00649,0.00146,3.08597,10.5202,3.31528,2.49671,0.00173988,0.00173988,0.00173988
51,406.973,1.28763,2.6831,1.07645,1.13563,0.12925,0.27273,0.08563,0.02903,0.02812,0.05114,0.00649,0.00146,3.08597,10.5202,3.31528,2.49671,0.0017525,0.0017525,0.0017525
52,414.934,1.3822,2.73342,1.20025,1.20988,0.0783,0.1875,0.04947,0.0163,0,0,0,0,3.2314,16.3211,3.49396,2.60491,0.00174755,0.00174755,0.00174755
53,424.077,1.33494,2.72957,1.12596,1.17887,0.0783,0.1875,0.04947,0.0163,0,0,0,0,3.2314,16.3211,3.49396,2.60491,0.0017426,0.0017426,0.0017426
54,431.965,1.36171,2.7428,1.11347,1.14362,0.11073,0.14205,0.06282,0.01852,0.04266,0.125,0.02256,0.00443,3.24928,14.9874,2.89664,2.80042,0.00173765,0.00173765,0.00173765
55,439.191,1.36148,2.65535,1.09826,1.16512,0.11073,0.14205,0.06282,0.01852,0.04266,0.125,0.02256,0.00443,3.24928,14.9874,2.89664,2.80042,0.0017327,0.0017327,0.0017327
56,445.602,1.26676,2.42925,1.01951,1.1314,0.03,0.25568,0.01941,0.00585,0.014,0.11932,0.00804,0.00135,3.45022,17.4913,8.90084,3.2372,0.00172775,0.00172775,0.00172775
57,455.849,1.31225,2.54126,1.13392,1.11459,0.03,0.25568,0.01941,0.00585,0.014,0.11932,0.00804,0.00135,3.45022,17.4913,8.90084,3.2372,0.0017228,0.0017228,0.0017228
58,463.919,1.24175,2.33873,1.11093,1.11097,0.01933,0.16477,0.01142,0.00343,0.00533,0.04545,0.00283,0.00049,3.3065,9.45196,8.20933,2.54011,0.00171785,0.00171785,0.00171785
59,470.95,1.21073,2.29121,1.01248,1.10222,0.01933,0.16477,0.01142,0.00343,0.00533,0.04545,0.00283,0.00049,3.3065,9.45196,8.20933,2.54011,0.0017129,0.0017129,0.0017129
60,479.339,1.30616,2.44275,1.03294,1.12262,0.008,0.06818,0.00427,0.00138,0,0,0,0,3.17553,9.50811,9.71374,2.16377,0.00170795,0.00170795,0.00170795
61,489.276,1.30123,2.32891,0.9512,1.09841,0.008,0.06818,0.00427,0.00138,0,0,0,0,3.17553,9.50811,9.71374,2.16377,0.001703,0.001703,0.001703
62,499.311,1.37076,2.52819,0.99584,1.1511,0.002,0.01705,0.00102,0.00024,0.00077,0.00568,0.00034,7e-05,3.30946,14.6192,18.6303,2.14615,0.00169805,0.00169805,0.00169805
63,508.677,1.23745,2.29094,0.92156,1.07684,0.002,0.01705,0.00102,0.00024,0.00077,0.00568,0.00034,7e-05,3.30946,14.6192,18.6303,2.14615,0.0016931,0.0016931,0.0016931
64,516.464,1.25862,2.29246,0.96465,1.10021,0.00933,0.07955,0.00505,0.0017,0.00481,0.03409,0.00245,0.00079,3.24247,14.1721,8.40266,2.08169,0.00168815,0.00168815,0.00168815
65,526.551,1.26035,2.35109,1.04486,1.1118,0.00933,0.07955,0.00505,0.0017,0.00481,0.03409,0.00245,0.00079,3.24247,14.1721,8.40266,2.08169,0.0016832,0.0016832,0.0016832
66,534.455,1.21403,2.23896,0.90812,1.05782,0.07904,0.06818,0.02446,0.01032,0.0603,0.05114,0.0119,0.00381,2.95471,8.96518,3.2363,1.84307,0.00167825,0.00167825,0.00167825
67,542.177,1.35162,2.25514,0.95968,1.11502,0.07904,0.06818,0.02446,0.01032,0.0603,0.05114,0.0119,0.00381,2.95471,8.96518,3.2363,1.84307,0.0016733,0.0016733,0.0016733
68,549.711,1.48642,2.53187,1.1969,1.20338,0.35449,0.14773,0.12545,0.05907,0.23178,0.09659,0.06586,0.02337,2.53941,8.42254,2.84576,1.6769,0.00166835,0.00166835,0.00166835
69,557.598,1.20359,2.47755,1.02828,1.09949,0.35449,0.14773,0.12545,0.05907,0.23178,0.09659,0.06586,0.02337,2.53941,8.42254,2.84576,1.6769,0.0016634,0.0016634,0.0016634
70,563.197,1.14993,2.21192,0.95585,1.0744,0.3428,0.35227,0.28433,0.14002,0.3401,0.29545,0.20102,0.06203,1.92006,6.84324,2.17927,1.42753,0.00165845,0.00165845,0.00165845
71,571.339,1.3735,2.41166,1.22939,1.22007,0.3428,0.35227,0.28433,0.14002,0.3401,0.29545,0.20102,0.06203,1.92006,6.84324,2.17927,1.42753,0.0016535,0.0016535,0.0016535
72,576.84,1.42413,2.54031,1.3621,1.23143,0.37718,0.51269,0.43666,0.23143,0.39715,0.3893,0.35411,0.11405,1.61199,5.84004,2.11947,1.28414,0.00164855,0.00164855,0.00164855
73,587.142,1.28557,2.24877,1.04467,1.0721,0.37718,0.51269,0.43666,0.23143,0.39715,0.3893,0.35411,0.11405,1.61199,5.84004,2.11947,1.28414,0.0016436,0.0016436,0.0016436
74,595.409,1.288,2.40716,1.13932,1.13691,0.52522,0.68513,0.55288,0.33164,0.49265,0.55114,0.48057,0.16718,1.41499,4.41385,2.12972,1.21587,0.00163865,0.00163865,0.00163865
75,605.747,1.297,2.26586,0.97999,1.13605,0.52522,0.68513,0.55288,0.33164,0.49265,0.55114,0.48057,0.16718,1.41499,4.41385,2.12972,1.21587,0.0016337,0.0016337,0.0016337
76,615.114,1.34134,2.53088,1.008,1.1448,0.55264,0.59091,0.55711,0.34802,0.518,0.54545,0.50343,0.19541,1.31476,3.80987,2.58989,1.1876,0.00162875,0.00162875,0.00162875
77,624.165,1.2852,2.46443,1.10561,1.11939,0.55264,0.59091,0.55711,0.34802,0.518,0.54545,0.50343,0.19541,1.31476,3.80987,2.58989,1.1876,0.0016238,0.0016238,0.0016238
78,631.725,1.12853,2.02258,1.07342,1.07865,0.62349,0.64205,0.65701,0.40104,0.60747,0.59091,0.58091,0.24167,1.3823,3.53155,1.74111,1.22264,0.00161885,0.00161885,0.00161885
79,639.618,1.2053,2.10623,1.00424,1.11288,0.62349,0.64205,0.65701,0.40104,0.60747,0.59091,0.58091,0.24167,1.3823,3.53155,1.74111,1.22264,0.0016139,0.0016139,0.0016139
80,648.687,1.31292,2.43867,1.1607,1.22779,0.60307,0.51705,0.56244,0.33137,0.55668,0.47727,0.4662,0.20219,1.41509,3.70745,1.40908,1.2161,0.00160895,0.00160895,0.00160895
81,658.06,1.19012,2.05967,0.95577,1.06205,0.60307,0.51705,0.56244,0.33137,0.55668,0.47727,0.4662,0.20219,1.41509,3.70745,1.40908,1.2161,0.001604,0.001604,0.001604
82,665.935,1.2149,2.1531,1.03347,1.08044,0.55839,0.65341,0.65162,0.40374,0.5846,0.59659,0.5972,0.24644,1.35163,3.57848,1.67387,1.1921,0.00159905,0.00159905,0.00159905
83,678.478,1.14342,2.02558,0.84728,1.0442,0.55839,0.65341,0.65162,0.40374,0.5846,0.59659,0.5972,0.24644,1.35163,3.57848,1.67387,1.1921,0.0015941,0.0015941,0.0015941
84,687.524,1.21426,2.25778,0.97912,1.08729,0.61683,0.64773,0.66721,0.38492,0.60676,0.63636,0.63332,0.28325,1.43149,3.20193,1.73815,1.23367,0.00158915,0.00158915,0.00158915
85,695.806,1.19544,2.04045,0.89658,1.08329,0.61683,0.64773,0.66721,0.38492,0.60676,0.63636,0.63332,0.28325,1.43149,3.20193,1.73815,1.23367,0.0015842,0.0015842,0.0015842
86,703.534,1.23921,2.10288,0.92955,1.09846,0.65842,0.64205,0.68737,0.39781,0.64677,0.63068,0.64008,0.3157,1.35984,3.03647,1.37364,1.19029,0.00157925,0.00157925,0.00157925
87,713.291,1.26807,2.31289,1.03568,1.12002,0.65842,0.64205,0.68737,0.39781,0.64677,0.63068,0.64008,0.3157,1.35984,3.03647,1.37364,1.19029,0.0015743,0.0015743,0.0015743
88,723.619,1.17961,2.06543,0.90113,1.06581,0.55672,0.63636,0.58543,0.31481,0.56237,0.65909,0.5677,0.28875,1.51144,3.26504,2.0478,1.25607,0.00156935,0.00156935,0.00156935
89,731.646,1.3621,2.17227,0.9866,1.08625,0.55672,0.63636,0.58543,0.31481,0.56237,0.65909,0.5677,0.28875,1.51144,3.26504,2.0478,1.25607,0.0015644,0.0015644,0.0015644
90,738.151,1.32087,2.25723,1.12057,1.11001,0.56828,0.66477,0.62415,0.36151,0.55856,0.65341,0.58537,0.30829,1.41005,2.95193,1.74558,1.19591,0.00155945,0.00155945,0.00155945
91,745.563,1.24141,2.15504,1.00763,1.09154,0.56828,0.66477,0.62415,0.36151,0.55856,0.65341,0.58537,0.30829,1.41005,2.95193,1.74558,1.19591,0.0015545,0.0015545,0.0015545
92,754.605,1.14704,1.97542,1.02445,1.06286,0.64555,0.64205,0.67485,0.39624,0.72695,0.57482,0.67181,0.36477,1.32301,2.85072,1.54632,1.20534,0.00154955,0.00154955,0.00154955
93,762.209,1.09739,1.94882,0.88831,1.03998,0.64555,0.64205,0.67485,0.39624,0.72695,0.57482,0.67181,0.36477,1.32301,2.85072,1.54632,1.20534,0.0015446,0.0015446,0.0015446
94,770.405,1.15745,2.16436,0.99346,1.11405,0.68427,0.60227,0.63677,0.38625,0.71564,0.58523,0.6417,0.34879,1.31237,2.84226,1.94364,1.19724,0.00153965,0.00153965,0.00153965
95,780.251,1.09947,1.8984,0.84736,1.02755,0.68427,0.60227,0.63677,0.38625,0.71564,0.58523,0.6417,0.34879,1.31237,2.84226,1.94364,1.19724,0.0015347,0.0015347,0.0015347
96,790.365,1.05527,1.88789,0.807,1.03022,0.57504,0.65341,0.59016,0.34574,0.58004,0.65909,0.59895,0.30613,1.3688,2.78382,2.09616,1.21037,0.00152975,0.00152975,0.00152975
97,798.994,1.1516,2.01218,0.95145,1.09367,0.57504,0.65341,0.59016,0.34574,0.58004,0.65909,0.59895,0.30613,1.3688,2.78382,2.09616,1.21037,0.0015248,0.0015248,0.0015248
98,808.244,1.151,2.00673,0.95885,1.08812,0.61837,0.59091,0.61733,0.37917,0.62386,0.60227,0.61812,0.32454,1.32786,2.69091,1.55066,1.20499,0.00151985,0.00151985,0.00151985
99,818.308,1.06801,1.88348,0.78739,1.01307,0.61837,0.59091,0.61733,0.37917,0.62386,0.60227,0.61812,0.32454,1.32786,2.69091,1.55066,1.20499,0.0015149,0.0015149,0.0015149
100,827.739,1.12175,2.11473,0.92446,1.0605,0.70038,0.53977,0.6306,0.40044,0.71364,0.55223,0.62677,0.35967,1.29916,2.53213,1.12648,1.14814,0.00150995,0.00150995,0.00150995
101,837.621,1.12708,1.97203,0.97818,1.03302,0.70038,0.53977,0.6306,0.40044,0.71364,0.55223,0.62677,0.35967,1.29916,2.53213,1.12648,1.14814,0.001505,0.001505,0.001505
102,848.08,1.12156,1.93795,0.91763,1.01419,0.71873,0.65336,0.70797,0.44476,0.7241,0.65613,0.6917,0.38452,1.28916,2.52538,1.31079,1.12089,0.00150005,0.00150005,0.00150005
103,857.995,1.10547,2.06962,0.88088,1.04978,0.71873,0.65336,0.70797,0.44476,0.7241,0.65613,0.6917,0.38452,1.28916,2.52538,1.31079,1.12089,0.0014951,0.0014951,0.0014951
104,866.265,1.0928,1.87163,0.80444,0.9903,0.48498,0.38636,0.36044,0.20891,0.54656,0.28766,0.2904,0.11539,1.7575,4.58999,1.83338,1.41748,0.00149015,0.00149015,0.00149015
105,873.758,1.12407,2.1081,1.03488,1.07745,0.48498,0.38636,0.36044,0.20891,0.54656,0.28766,0.2904,0.11539,1.7575,4.58999,1.83338,1.41748,0.0014852,0.0014852,0.0014852
106,882.046,1.08156,1.97118,0.97805,1.02683,0.006,0.05114,0.00321,0.00067,0.00133,0.01136,0.00068,0.00017,3.95345,9.6041,3.93284,2.83855,0.00148025,0.00148025,0.00148025
107,888.764,1.1181,2.06591,0.88026,1.06261,0.006,0.05114,0.00321,0.00067,0.00133,0.01136,0.00068,0.00017,3.95345,9.6041,3.93284,2.83855,0.0014753,0.0014753,0.0014753
108,897.203,1.13997,2.05463,0.9079,1.06548,0.00067,0.00568,0.00034,7e-05,0.00067,0.00568,0.00034,3e-05,3.66763,8.06019,3.95761,2.62195,0.00147035,0.00147035,0.00147035
109,905.529,0.99996,1.79988,0.81978,1.01218,0.00067,0.00568,0.00034,7e-05,0.00067,0.00568,0.00034,3e-05,3.66763,8.06019,3.95761,2.62195,0.0014654,0.0014654,0.0014654
110,915.81,1.09361,1.91135,0.85943,1.01287,0.61747,0.40909,0.46424,0.28551,0.58239,0.38636,0.41738,0.19809,1.53246,3.80418,1.49347,1.24524,0.00146045,0.00146045,0.00146045
111,924.327,1.05777,1.93016,0.87103,1.00285,0.61747,0.40909,0.46424,0.28551,0.58239,0.38636,0.41738,0.19809,1.53246,3.80418,1.49347,1.24524,0.0014555,0.0014555,0.0014555
112,933.368,1.08864,1.95144,0.84289,1.03545,0.60918,0.67045,0.68138,0.4178,0.62431,0.64773,0.65506,0.34194,1.29462,2.51174,1.47223,1.14199,0.00145055,0.00145055,0.00145055
113,941.911,1.0667,1.85461,0.93197,1.039,0.60918,0.67045,0.68138,0.4178,0.62431,0.64773,0.65506,0.34194,1.29462,2.51174,1.47223,1.14199,0.0014456,0.0014456,0.0014456
114,947.04,1.20774,2.27996,1.12668,1.12701,0.6308,0.68182,0.67876,0.41018,0.64188,0.66196,0.65803,0.35815,1.31082,2.47785,1.42123,1.15756,0.00144065,0.00144065,0.00144065
115,955.409,1.06764,1.81989,0.78921,1.00582,0.6308,0.68182,0.67876,0.41018,0.64188,0.66196,0.65803,0.35815,1.31082,2.47785,1.42123,1.15756,0.0014357,0.0014357,0.0014357
116,961.493,1.1102,1.8573,0.8561,1.01947,0.65485,0.67045,0.6925,0.42961,0.66595,0.68182,0.69343,0.38972,1.3712,2.49455,1.12989,1.19841,0.00143075,0.00143075,0.00143075
117,967.708,1.15186,2.06392,0.92915,1.0929,0.65485,0.67045,0.6925,0.42961,0.66595,0.68182,0.69343,0.38972,1.3712,2.49455,1.12989,1.19841,0.0014258,0.0014258,0.0014258
118,974.503,1.07451,1.93975,0.79147,1.01782,0.65877,0.6875,0.70991,0.42744,0.68875,0.65909,0.70204,0.38634,1.3418,2.42785,0.98531,1.19143,0.00142085,0.00142085,0.00142085
119,983.213,1.09124,1.84225,0.86114,0.99085,0.65877,0.6875,0.70991,0.42744,0.68875,0.65909,0.70204,0.38634,1.3418,2.42785,0.98531,1.19143,0.0014159,0.0014159,0.0014159
120,989.913,1.07839,1.92188,0.87164,1.01172,0.64406,0.67857,0.7034,0.43822,0.6856,0.63636,0.68621,0.3907,1.23967,2.393,0.99291,1.12885,0.00141095,0.00141095,0.00141095
121,999.053,1.06663,1.94101,0.80574,0.99136,0.64406,0.67857,0.7034,0.43822,0.6856,0.63636,0.68621,0.3907,1.23967,2.393,0.99291,1.12885,0.001406,0.001406,0.001406
122,1012.4,1.01897,2.0142,0.85923,1.03431,0.62256,0.67614,0.6452,0.38763,0.63941,0.67045,0.62034,0.34404,1.28272,2.41688,1.26529,1.15132,0.00140105,0.00140105,0.00140105
123,1023.85,1.02427,1.6748,0.71434,0.97208,0.62256,0.67614,0.6452,0.38763,0.63941,0.67045,0.62034,0.34404,1.28272,2.41688,1.26529,1.15132,0.0013961,0.0013961,0.0013961
124,1035.28,1.03762,1.86964,0.79085,1.00614,0.58205,0.65909,0.56952,0.349,0.58149,0.60227,0.53548,0.28722,1.33177,2.6846,1.20496,1.14584,0.00139115,0.00139115,0.00139115
125,1046,0.96186,1.70717,0.79756,0.98353,0.58205,0.65909,0.56952,0.349,0.58149,0.60227,0.53548,0.28722,1.33177,2.6846,1.20496,1.14584,0.0013862,0.0013862,0.0013862
126,1057.93,1.03492,1.73822,0.7594,0.98787,0.60302,0.50922,0.49791,0.30824,0.59276,0.48794,0.45983,0.22341,1.46989,3.69176,1.44346,1.21015,0.00138125,0.00138125,0.00138125
127,1070.86,0.99843,1.73714,0.75566,0.97167,0.60302,0.50922,0.49791,0.30824,0.59276,0.48794,0.45983,0.22341,1.46989,3.69176,1.44346,1.21015,0.0013763,0.0013763,0.0013763
128,1078.62,0.9903,1.71045,0.72551,0.99396,0.59701,0.56818,0.54214,0.32834,0.58631,0.52841,0.49487,0.23758,1.46412,3.33941,1.33347,1.22267,0.00137135,0.00137135,0.00137135
129,1086.1,1.12278,2.0314,0.81033,0.99512,0.59701,0.56818,0.54214,0.32834,0.58631,0.52841,0.49487,0.23758,1.46412,3.33941,1.33347,1.22267,0.0013664,0.0013664,0.0013664
130,1096.17,1.08967,1.93058,0.83841,1.03169,0.68337,0.57636,0.60012,0.37827,0.67821,0.55682,0.55673,0.29134,1.33073,2.73089,1.14813,1.17139,0.00136145,0.00136145,0.00136145
131,1106.24,1.02305,1.90332,0.8025,1.01228,0.68337,0.57636,0.60012,0.37827,0.67821,0.55682,0.55673,0.29134,1.33073,2.73089,1.14813,1.17139,0.0013565,0.0013565,0.0013565
132,1111.21,1.0154,1.72346,0.77075,0.98284,0.69943,0.63464,0.6978,0.45155,0.68731,0.62444,0.66418,0.37977,1.21193,2.3636,1.02449,1.0985,0.00135155,0.00135155,0.00135155
133,1120.31,0.99308,1.70141,0.71542,0.97217,0.69943,0.63464,0.6978,0.45155,0.68731,0.62444,0.66418,0.37977,1.21193,2.3636,1.02449,1.0985,0.0013466,0.0013466,0.0013466
134,1129.61,1.00918,1.80754,0.78193,1.00788,0.62791,0.71591,0.6751,0.42993,0.62661,0.6875,0.65652,0.37737,1.25753,2.40823,1.27015,1.1318,0.00134165,0.00134165,0.00134165
135,1141.36,0.92419,1.50098,0.67007,0.95011,0.62791,0.71591,0.6751,0.42993,0.62661,0.6875,0.65652,0.37737,1.25753,2.40823,1.27015,1.1318,0.0013367,0.0013367,0.0013367
136,1153.31,0.94296,1.61542,0.6561,0.96097,0.59212,0.71023,0.64345,0.40851,0.64162,0.7019,0.6506,0.35769,1.26957,2.52278,1.57456,1.12646,0.00133175,0.00133175,0.00133175
137,1161.8,1.11319,1.92584,0.93237,1.01655,0.59212,0.71023,0.64345,0.40851,0.64162,0.7019,0.6506,0.35769,1.26957,2.52278,1.57456,1.12646,0.0013268,0.0013268,0.0013268
138,1171.78,1.01051,1.79317,0.81513,0.98396,0.59815,0.71887,0.6383,0.41672,0.61381,0.69886,0.64,0.36254,1.252,2.42768,1.34874,1.12012,0.00132185,0.00132185,0.00132185
139,1178.69,0.96653,1.65384,0.74037,0.98956,0.59815,0.71887,0.6383,0.41672,0.61381,0.69886,0.64,0.36254,1.252,2.42768,1.34874,1.12012,0.0013169,0.0013169,0.0013169
140,1185.55,0.9426,1.57321,0.68952,0.95999,0.57852,0.71023,0.64123,0.41344,0.58577,0.71591,0.64907,0.35339,1.25925,2.46169,1.24739,1.13077,0.00131195,0.00131195,0.00131195
141,1191.75,1.01271,1.62808,0.72294,0.97262,0.57852,0.71023,0.64123,0.41344,0.58577,0.71591,0.64907,0.35339,1.25925,2.46169,1.24739,1.13077,0.001307,0.001307,0.001307
142,1199.09,1.0495,1.76601,0.75876,0.96946,0.57549,0.67045,0.64195,0.40264,0.59744,0.60227,0.60637,0.33906,1.26736,2.45053,1.19314,1.13208,0.00130205,0.00130205,0.00130205
143,1205.6,0.97488,1.71036,0.72071,0.96576,0.57549,0.67045,0.64195,0.40264,0.59744,0.60227,0.60637,0.33906,1.26736,2.45053,1.19314,1.13208,0.0012971,0.0012971,0.0012971
144,1212.89,1.06369,1.82373,0.72969,0.97272,0.57341,0.64773,0.64377,0.4162,0.56335,0.63636,0.59838,0.33335,1.21947,2.51201,1.16649,1.11093,0.00129215,0.00129215,0.00129215
145,1220.32,1.00838,1.71523,0.69539,0.96142,0.57341,0.64773,0.64377,0.4162,0.56335,0.63636,0.59838,0.33335,1.21947,2.51201,1.16649,1.11093,0.0012872,0.0012872,0.0012872
146,1228.06,0.96342,1.67508,0.71229,0.96703,0.55943,0.69318,0.64726,0.4237,0.5726,0.68182,0.61673,0.34897,1.19161,2.41332,1.13823,1.08234,0.00128225,0.00128225,0.00128225
147,1236.21,0.97755,1.64801,0.70591,0.95502,0.55943,0.69318,0.64726,0.4237,0.5726,0.68182,0.61673,0.34897,1.19161,2.41332,1.13823,1.08234,0.0012773,0.0012773,0.0012773
148,1243.84,0.92729,1.58732,0.68785,0.96618,0.55394,0.75,0.66699,0.43772,0.55899,0.71023,0.64465,0.38582,1.26327,2.40383,1.17265,1.10943,0.00127235,0.00127235,0.00127235
149,1251.26,1.01878,1.69193,0.7044,0.97645,0.55394,0.75,0.66699,0.43772,0.55899,0.71023,0.64465,0.38582,1.26327,2.40383,1.17265,1.10943,0.0012674,0.0012674,0.0012674
150,1259.69,1.03906,1.60675,0.69077,0.96323,0.60679,0.73652,0.69648,0.45387,0.6072,0.72727,0.68042,0.39968,1.22764,2.31447,1.07489,1.09948,0.00126245,0.00126245,0.00126245
151,1267.73,0.9109,1.53263,0.70074,0.9466,0.60679,0.73652,0.69648,0.45387,0.6072,0.72727,0.68042,0.39968,1.22764,2.31447,1.07489,1.09948,0.0012575,0.0012575,0.0012575
152,1274.38,0.94748,1.53546,0.68626,0.95267,0.68385,0.67614,0.7241,0.46794,0.67482,0.67208,0.70471,0.39746,1.22286,2.30935,0.95247,1.11989,0.00125255,0.00125255,0.00125255
153,1285.51,0.95531,1.68647,0.7072,0.98318,0.68385,0.67614,0.7241,0.46794,0.67482,0.67208,0.70471,0.39746,1.22286,2.30935,0.95247,1.11989,0.0012476,0.0012476,0.0012476
154,1294.43,0.91852,1.52237,0.64318,0.9482,0.67677,0.64205,0.68741,0.4453,0.67209,0.63636,0.66822,0.37221,1.24541,2.30524,1.03532,1.12838,0.00124265,0.00124265,0.00124265
155,1303.86,0.97648,1.76274,0.72304,0.98851,0.67677,0.64205,0.68741,0.4453,0.67209,0.63636,0.66822,0.37221,1.24541,2.30524,1.03532,1.12838,0.0012377,0.0012377,0.0012377
156,1312.29,1.00638,1.6939,0.71141,0.96877,0.67669,0.63636,0.68804,0.43147,0.61824,0.68089,0.67022,0.38896,1.29994,2.24633,1.06988,1.16083,0.00123275,0.00123275,0.00123275
157,1320.49,0.96764,1.6428,0.69214,0.96039,0.67669,0.63636,0.68804,0.43147,0.61824,0.68089,0.67022,0.38896,1.29994,2.24633,1.06988,1.16083,0.0012278,0.0012278,0.0012278
158,1328.68,0.91508,1.58361,0.64492,0.95082,0.71502,0.63068,0.70797,0.44843,0.72147,0.63636,0.69362,0.40558,1.2678,2.25885,1.01648,1.17756,0.00122285,0.00122285,0.00122285
159,1335.4,0.89917,1.53542,0.63525,0.9372,0.71502,0.63068,0.70797,0.44843,0.72147,0.63636,0.69362,0.40558,1.2678,2.25885,1.01648,1.17756,0.0012179,0.0012179,0.0012179
160,1343.82,0.92477,1.58553,0.66388,0.95224,0.66117,0.65341,0.70749,0.45505,0.66692,0.65909,0.692,0.39882,1.23526,2.25815,1.07075,1.15693,0.00121295,0.00121295,0.00121295
161,1353.34,0.93547,1.77746,0.73247,0.96671,0.66117,0.65341,0.70749,0.45505,0.66692,0.65909,0.692,0.39882,1.23526,2.25815,1.07075,1.15693,0.001208,0.001208,0.001208
162,1360.79,0.90314,1.61173,0.72137,0.96936,0.68559,0.66477,0.7064,0.4536,0.67973,0.65909,0.68618,0.40148,1.26609,2.30458,1.08623,1.1276,0.00120305,0.00120305,0.00120305
163,1367.44,0.94751,1.64873,0.67347,0.96,0.68559,0.66477,0.7064,0.4536,0.67973,0.65909,0.68618,0.40148,1.26609,2.30458,1.08623,1.1276,0.0011981,0.0011981,0.0011981
164,1375.37,0.86756,1.44867,0.6173,0.93559,0.64419,0.69318,0.68673,0.44357,0.65537,0.69886,0.67921,0.382,1.24473,2.27424,1.009,1.12657,0.00119315,0.00119315,0.00119315
165,1383.6,0.98184,1.76086,0.72428,0.97311,0.64419,0.69318,0.68673,0.44357,0.65537,0.69886,0.67921,0.382,1.24473,2.27424,1.009,1.12657,0.0011882,0.0011882,0.0011882
166,1389.45,0.91486,1.56639,0.68528,0.98166,0.68846,0.61364,0.71053,0.44471,0.72251,0.60795,0.68855,0.38707,1.23761,2.28176,0.96304,1.13706,0.00118325,0.00118325,0.00118325
167,1398.22,0.87515,1.56585,0.67288,0.96052,0.68846,0.61364,0.71053,0.44471,0.72251,0.60795,0.68855,0.38707,1.23761,2.28176,0.96304,1.13706,0.0011783,0.0011783,0.0011783
168,1407.05,0.89674,1.54834,0.66122,0.94436,0.70289,0.65866,0.70182,0.45337,0.69535,0.64842,0.68667,0.39427,1.25176,2.27364,0.95947,1.1497,0.00117335,0.00117335,0.00117335
169,1416.33,0.8998,1.53008,0.63318,0.94609,0.70289,0.65866,0.70182,0.45337,0.69535,0.64842,0.68667,0.39427,1.25176,2.27364,0.95947,1.1497,0.0011684,0.0011684,0.0011684
170,1425.19,0.85545,1.42936,0.62751,0.93811,0.73669,0.67614,0.71173,0.45385,0.73334,0.65628,0.69346,0.39828,1.23451,2.23474,0.95136,1.13121,0.00116345,0.00116345,0.00116345
171,1432.94,0.89137,1.47427,0.60029,0.91906,0.73669,0.67614,0.71173,0.45385,0.73334,0.65628,0.69346,0.39828,1.23451,2.23474,0.95136,1.13121,0.0011585,0.0011585,0.0011585
172,1440.28,0.85014,1.41881,0.60587,0.93375,0.66657,0.74432,0.69847,0.44583,0.6495,0.71591,0.67937,0.36205,1.21116,2.23534,1.02187,1.10641,0.00115355,0.00115355,0.00115355
173,1447.18,0.85345,1.34607,0.61781,0.90363,0.66657,0.74432,0.69847,0.44583,0.6495,0.71591,0.67937,0.36205,1.21116,2.23534,1.02187,1.10641,0.0011486,0.0011486,0.0011486
174,1454.53,0.86486,1.5837,0.66415,0.95008,0.69564,0.6753,0.69928,0.4606,0.68942,0.66845,0.68478,0.37744,1.20286,2.24591,0.96071,1.10029,0.00114365,0.00114365,0.00114365
175,1462.77,0.87564,1.44237,0.60888,0.93743,0.69564,0.6753,0.69928,0.4606,0.68942,0.66845,0.68478,0.37744,1.20286,2.24591,0.96071,1.10029,0.0011387,0.0011387,0.0011387
176,1472.41,0.87879,1.5325,0.64313,0.93903,0.66225,0.66844,0.71367,0.47599,0.66724,0.67218,0.70554,0.40623,1.18738,2.29823,0.9484,1.08419,0.00113375,0.00113375,0.00113375
177,1479.8,0.89089,1.59383,0.63564,0.95321,0.66225,0.66844,0.71367,0.47599,0.66724,0.67218,0.70554,0.40623,1.18738,2.29823,0.9484,1.08419,0.0011288,0.0011288,0.0011288
178,1488.48,0.90582,1.61558,0.67043,0.9497,0.68531,0.6875,0.71514,0.46397,0.68531,0.6875,0.7029,0.42135,1.24635,2.27991,0.94299,1.11399,0.00112385,0.00112385,0.00112385
179,1498.58,0.84932,1.49501,0.63492,0.92509,0.68531,0.6875,0.71514,0.46397,0.68531,0.6875,0.7029,0.42135,1.24635,2.27991,0.94299,1.11399,0.0011189,0.0011189,0.0011189
180,1509.54,0.86578,1.46203,0.63074,0.92403,0.61623,0.71023,0.67805,0.43988,0.61623,0.71023,0.66747,0.38023,1.23858,2.23026,1.10554,1.1174,0.00111395,0.00111395,0.00111395
181,1519.04,0.87569,1.43051,0.59803,0.91629,0.61623,0.71023,0.67805,0.43988,0.61623,0.71023,0.66747,0.38023,1.23858,2.23026,1.10554,1.1174,0.001109,0.001109,0.001109
182,1529.28,0.88523,1.57169,0.67774,0.94407,0.61805,0.6875,0.63377,0.40457,0.61828,0.6875,0.63054,0.35033,1.22582,2.22968,1.16282,1.13254,0.00110405,0.00110405,0.00110405
183,1537.58,0.86888,1.59272,0.64884,0.94083,0.61805,0.6875,0.63377,0.40457,0.61828,0.6875,0.63054,0.35033,1.22582,2.22968,1.16282,1.13254,0.0010991,0.0010991,0.0010991
184,1546.98,0.84516,1.38638,0.60473,0.90982,0.62843,0.69318,0.68604,0.44021,0.65397,0.67614,0.67225,0.37904,1.24784,2.22349,1.02229,1.15108,0.00109415,0.00109415,0.00109415
185,1554.65,0.88083,1.51504,0.63152,0.93261,0.62843,0.69318,0.68604,0.44021,0.65397,0.67614,0.67225,0.37904,1.24784,2.22349,1.02229,1.15108,0.0010892,0.0010892,0.0010892
186,1559.92,0.8464,1.4064,0.60901,0.9411,0.7475,0.625,0.73018,0.46376,0.7407,0.61932,0.70143,0.41308,1.2419,2.25829,0.95188,1.15148,0.00108425,0.00108425,0.00108425
187,1566.97,0.90017,1.4703,0.65469,0.95929,0.7475,0.625,0.73018,0.46376,0.7407,0.61932,0.70143,0.41308,1.2419,2.25829,0.95188,1.15148,0.0010793,0.0010793,0.0010793
188,1573.57,0.89258,1.46228,0.66079,0.93672,0.66298,0.64827,0.71386,0.46097,0.66316,0.63763,0.69759,0.40834,1.24659,2.31585,0.99554,1.14134,0.00107435,0.00107435,0.00107435
189,1581.66,0.87242,1.49855,0.6169,0.96368,0.66298,0.64827,0.71386,0.46097,0.66316,0.63763,0.69759,0.40834,1.24659,2.31585,0.99554,1.14134,0.0010694,0.0010694,0.0010694
190,1587.74,0.86556,1.48539,0.62441,0.93125,0.63181,0.64773,0.68083,0.4533,0.67943,0.63826,0.68201,0.40673,1.25346,2.41359,1.04566,1.147,0.00106445,0.00106445,0.00106445
191,1595.59,0.88208,1.61135,0.6609,0.95351,0.63181,0.64773,0.68083,0.4533,0.67943,0.63826,0.68201,0.40673,1.25346,2.41359,1.04566,1.147,0.0010595,0.0010595,0.0010595
192,1603.51,0.89629,1.54711,0.61642,0.95192,0.6605,0.60227,0.66794,0.44445,0.66182,0.61364,0.65693,0.38935,1.21435,2.34446,1.03436,1.10892,0.00105455,0.00105455,0.00105455
193,1613.37,0.83453,1.41388,0.59564,0.91053,0.6605,0.60227,0.66794,0.44445,0.66182,0.61364,0.65693,0.38935,1.21435,2.34446,1.03436,1.10892,0.0010496,0.0010496,0.0010496
194,1622.09,0.80197,1.29158,0.57894,0.9207,0.60117,0.66477,0.66865,0.44531,0.61145,0.67614,0.66755,0.39443,1.21931,2.3629,1.03858,1.09347,0.00104465,0.00104465,0.00104465
195,1630.25,0.84443,1.38204,0.59755,0.91453,0.60117,0.66477,0.66865,0.44531,0.61145,0.67614,0.66755,0.39443,1.21931,2.3629,1.03858,1.09347,0.0010397,0.0010397,0.0010397
196,1639.05,0.80691,1.29479,0.562,0.91197,0.6536,0.6875,0.6885,0.45984,0.6482,0.68182,0.67923,0.40386,1.22935,2.35212,0.99372,1.10475,0.00103475,0.00103475,0.00103475
197,1647.17,0.84652,1.47017,0.62838,0.92114,0.6536,0.6875,0.6885,0.45984,0.6482,0.68182,0.67923,0.40386,1.22935,2.35212,0.99372,1.10475,0.0010298,0.0010298,0.0010298
198,1654.83,0.81523,1.36815,0.60133,0.91048,0.63127,0.71023,0.6951,0.45612,0.63613,0.72514,0.70029,0.41155,1.25693,2.28939,0.99011,1.1307,0.00102485,0.00102485,0.00102485
199,1664.07,0.88083,1.51786,0.60961,0.95405,0.63127,0.71023,0.6951,0.45612,0.63613,0.72514,0.70029,0.41155,1.25693,2.28939,0.99011,1.1307,0.0010199,0.0010199,0.0010199
200,1670.82,0.82368,1.39375,0.60245,0.93827,0.61605,0.67045,0.68065,0.43387,0.61605,0.67045,0.68001,0.3962,1.26346,2.25837,1.04529,1.12955,0.00101495,0.00101495,0.00101495
201,1677.58,0.80057,1.33862,0.58541,0.92869,0.61605,0.67045,0.68065,0.43387,0.61605,0.67045,0.68001,0.3962,1.26346,2.25837,1.04529,1.12955,0.00101,0.00101,0.00101
202,1685.28,0.84478,1.39856,0.58554,0.92181,0.65319,0.63068,0.6839,0.44469,0.64813,0.625,0.66829,0.39247,1.2373,2.2862,1.03609,1.12137,0.00100505,0.00100505,0.00100505
203,1691.84,0.83253,1.37852,0.5594,0.91048,0.65319,0.63068,0.6839,0.44469,0.64813,0.625,0.66829,0.39247,1.2373,2.2862,1.03609,1.12137,0.0010001,0.0010001,0.0010001
204,1696.94,0.84404,1.42768,0.58818,0.93993,0.62253,0.6653,0.6923,0.45687,0.63883,0.67335,0.69731,0.3908,1.24152,2.31631,1.05233,1.11652,0.00099515,0.00099515,0.00099515
205,1703.74,0.88235,1.47465,0.60333,0.91575,0.62253,0.6653,0.6923,0.45687,0.63883,0.67335,0.69731,0.3908,1.24152,2.31631,1.05233,1.11652,0.0009902,0.0009902,0.0009902
206,1711.8,0.81327,1.26496,0.55995,0.91632,0.57204,0.72151,0.679,0.44355,0.6093,0.69318,0.67324,0.40482,1.26131,2.35214,1.13093,1.13143,0.00098525,0.00098525,0.00098525
207,1722.17,0.79649,1.39886,0.57964,0.91047,0.57204,0.72151,0.679,0.44355,0.6093,0.69318,0.67324,0.40482,1.26131,2.35214,1.13093,1.13143,0.0009803,0.0009803,0.0009803
208,1732.42,0.82776,1.48013,0.58932,0.90806,0.58506,0.72727,0.69643,0.45382,0.58217,0.72159,0.67208,0.40188,1.23416,2.41088,1.14245,1.13181,0.00097535,0.00097535,0.00097535
209,1739.8,0.81262,1.46131,0.62901,0.92501,0.58506,0.72727,0.69643,0.45382,0.58217,0.72159,0.67208,0.40188,1.23416,2.41088,1.14245,1.13181,0.0009704,0.0009704,0.0009704
210,1749.18,0.79388,1.36795,0.55905,0.90195,0.58886,0.73295,0.71446,0.46989,0.70114,0.58652,0.68019,0.39559,1.25235,2.38228,1.00446,1.14988,0.00096545,0.00096545,0.00096545
211,1755.89,0.7948,1.27482,0.54027,0.90095,0.58886,0.73295,0.71446,0.46989,0.70114,0.58652,0.68019,0.39559,1.25235,2.38228,1.00446,1.14988,0.0009605,0.0009605,0.0009605
212,1763.82,0.80184,1.33809,0.5589,0.8998,0.59168,0.74099,0.70412,0.47148,0.64346,0.63068,0.67671,0.39243,1.22896,2.27068,1.01584,1.1354,0.00095555,0.00095555,0.00095555
213,1770.06,0.72717,1.21593,0.51411,0.89892,0.59168,0.74099,0.70412,0.47148,0.64346,0.63068,0.67671,0.39243,1.22896,2.27068,1.01584,1.1354,0.0009506,0.0009506,0.0009506
214,1778.6,0.78361,1.36876,0.58055,0.92264,0.62405,0.77841,0.71642,0.4725,0.61086,0.76136,0.70121,0.4143,1.23177,2.21497,0.97103,1.11691,0.00094565,0.00094565,0.00094565
215,1787.45,0.80405,1.35126,0.5407,0.9072,0.62405,0.77841,0.71642,0.4725,0.61086,0.76136,0.70121,0.4143,1.23177,2.21497,0.97103,1.11691,0.0009407,0.0009407,0.0009407
216,1793.23,0.70769,1.24547,0.50533,0.9062,0.68096,0.68182,0.72171,0.48026,0.67676,0.66477,0.69013,0.40695,1.2265,2.3074,0.9724,1.1383,0.00093575,0.00093575,0.00093575
217,1801.24,0.74156,1.19335,0.49463,0.88917,0.68096,0.68182,0.72171,0.48026,0.67676,0.66477,0.69013,0.40695,1.2265,2.3074,0.9724,1.1383,0.0009308,0.0009308,0.0009308
218,1809.99,0.74432,1.26976,0.50433,0.88757,0.61408,0.77273,0.70115,0.45399,0.59737,0.75568,0.67878,0.38824,1.25964,2.3902,1.02736,1.15214,0.00092585,0.00092585,0.00092585
219,1818.03,0.78665,1.46473,0.58661,0.91022,0.61408,0.77273,0.70115,0.45399,0.59737,0.75568,0.67878,0.38824,1.25964,2.3902,1.02736,1.15214,0.0009209,0.0009209,0.0009209
220,1826.17,0.75816,1.26087,0.53626,0.89879,0.6041,0.72826,0.67754,0.44265,0.58898,0.70834,0.65488,0.37746,1.2406,2.38329,1.02311,1.13689,0.00091595,0.00091595,0.00091595
221,1833.5,0.77815,1.38736,0.56796,0.91124,0.6041,0.72826,0.67754,0.44265,0.58898,0.70834,0.65488,0.37746,1.2406,2.38329,1.02311,1.13689,0.000911,0.000911,0.000911
222,1842.99,0.73741,1.26402,0.5009,0.87885,0.64889,0.72727,0.70394,0.4537,0.63739,0.7191,0.67978,0.39205,1.27823,2.46454,1.00144,1.15634,0.00090605,0.00090605,0.00090605
223,1854.32,0.77037,1.35891,0.54538,0.91876,0.64889,0.72727,0.70394,0.4537,0.63739,0.7191,0.67978,0.39205,1.27823,2.46454,1.00144,1.15634,0.0009011,0.0009011,0.0009011
224,1862.3,0.77375,1.42507,0.55984,0.91697,0.69543,0.67614,0.68931,0.45582,0.68867,0.67045,0.6702,0.40523,1.26052,2.42654,1.0153,1.13892,0.00089615,0.00089615,0.00089615
225,1868.79,0.67873,1.16735,0.4859,0.89337,0.69543,0.67614,0.68931,0.45582,0.68867,0.67045,0.6702,0.40523,1.26052,2.42654,1.0153,1.13892,0.0008912,0.0008912,0.0008912
226,1876.57,0.72494,1.26524,0.51158,0.89465,0.66985,0.71591,0.68655,0.45427,0.6704,0.67029,0.67398,0.40111,1.23499,2.45054,1.01636,1.11696,0.00088625,0.00088625,0.00088625
227,1885.39,0.76024,1.2479,0.52527,0.90238,0.66985,0.71591,0.68655,0.45427,0.6704,0.67029,0.67398,0.40111,1.23499,2.45054,1.01636,1.11696,0.0008813,0.0008813,0.0008813
228,1893.41,0.85093,1.41011,0.56974,0.91697,0.60003,0.74157,0.68952,0.45274,0.59083,0.7302,0.68072,0.40032,1.2583,2.43834,0.96022,1.1496,0.00087635,0.00087635,0.00087635
229,1900.99,0.74768,1.29633,0.51854,0.91285,0.60003,0.74157,0.68952,0.45274,0.59083,0.7302,0.68072,0.40032,1.2583,2.43834,0.96022,1.1496,0.0008714,0.0008714,0.0008714
230,1910.23,0.77028,1.30507,0.51423,0.87027,0.60176,0.73837,0.68566,0.45206,0.59713,0.73269,0.68005,0.4056,1.22361,2.4218,0.97608,1.1006,0.00086645,0.00086645,0.00086645
231,1917.83,0.77947,1.27717,0.5559,0.90922,0.60176,0.73837,0.68566,0.45206,0.59713,0.73269,0.68005,0.4056,1.22361,2.4218,0.97608,1.1006,0.0008615,0.0008615,0.0008615
232,1928.61,0.80969,1.35676,0.53827,0.90024,0.61228,0.72727,0.68236,0.45189,0.61392,0.71591,0.67193,0.39801,1.23166,2.49874,0.99308,1.10656,0.00085655,0.00085655,0.00085655
233,1939.83,0.71631,1.30702,0.51411,0.8908,0.61228,0.72727,0.68236,0.45189,0.61392,0.71591,0.67193,0.39801,1.23166,2.49874,0.99308,1.10656,0.0008516,0.0008516,0.0008516
234,1950.2,0.7423,1.32547,0.52297,0.89916,0.62008,0.70478,0.68316,0.44258,0.61538,0.72727,0.67824,0.38563,1.24226,2.39219,1.00479,1.11285,0.00084665,0.00084665,0.00084665
235,1959.45,0.79593,1.26835,0.52761,0.91415,0.62008,0.70478,0.68316,0.44258,0.61538,0.72727,0.67824,0.38563,1.24226,2.39219,1.00479,1.11285,0.0008417,0.0008417,0.0008417
236,1966.45,0.80733,1.37712,0.54764,0.91118,0.62679,0.75568,0.69922,0.44099,0.60156,0.72727,0.66921,0.38642,1.23912,2.3,1.01326,1.11751,0.00083675,0.00083675,0.00083675
237,1973.12,0.707,1.22363,0.49909,0.87896,0.62679,0.75568,0.69922,0.44099,0.60156,0.72727,0.66921,0.38642,1.23912,2.3,1.01326,1.11751,0.0008318,0.0008318,0.0008318
238,1979.91,0.76323,1.32958,0.52148,0.8921,0.61259,0.76367,0.69139,0.44586,0.5949,0.7426,0.66453,0.39041,1.24425,2.31282,1.03811,1.11731,0.00082685,0.00082685,0.00082685
239,1988.31,0.73364,1.27504,0.51096,0.89854,0.61259,0.76367,0.69139,0.44586,0.5949,0.7426,0.66453,0.39041,1.24425,2.31282,1.03811,1.11731,0.0008219,0.0008219,0.0008219
240,1997.08,0.71907,1.19451,0.47988,0.87781,0.59607,0.75568,0.68833,0.44983,0.62263,0.70455,0.68408,0.4022,1.25912,2.41336,1.03826,1.10767,0.00081695,0.00081695,0.00081695
241,2005.19,0.81016,1.41315,0.5861,0.94387,0.59607,0.75568,0.68833,0.44983,0.62263,0.70455,0.68408,0.4022,1.25912,2.41336,1.03826,1.10767,0.000812,0.000812,0.000812
242,2013.08,0.70629,1.19166,0.4851,0.88537,0.62778,0.68998,0.7071,0.46414,0.64065,0.62805,0.67439,0.40799,1.24982,2.51119,0.99966,1.11047,0.00080705,0.00080705,0.00080705
243,2024.43,0.77361,1.3787,0.52611,0.89632,0.62778,0.68998,0.7071,0.46414,0.64065,0.62805,0.67439,0.40799,1.24982,2.51119,0.99966,1.11047,0.0008021,0.0008021,0.0008021
244,2034.97,0.72008,1.22068,0.48531,0.87819,0.66181,0.71023,0.72069,0.47199,0.65122,0.69886,0.69819,0.41501,1.23722,2.52085,0.97492,1.10456,0.00079715,0.00079715,0.00079715
245,2042.76,0.65721,1.17023,0.46348,0.8807,0.66181,0.71023,0.72069,0.47199,0.65122,0.69886,0.69819,0.41501,1.23722,2.52085,0.97492,1.10456,0.0007922,0.0007922,0.0007922
246,2050.87,0.72453,1.25721,0.47982,0.91646,0.6725,0.71171,0.72648,0.46536,0.66176,0.70034,0.68995,0.41613,1.2759,2.50247,0.98877,1.12146,0.00078725,0.00078725,0.00078725
247,2059.43,0.69079,1.24839,0.50296,0.92488,0.6725,0.71171,0.72648,0.46536,0.66176,0.70034,0.68995,0.41613,1.2759,2.50247,0.98877,1.12146,0.0007823,0.0007823,0.0007823
248,2069.93,0.76259,1.27903,0.48927,0.8811,0.72417,0.67127,0.72075,0.46704,0.70737,0.65925,0.68748,0.40815,1.24791,2.43681,0.99572,1.11227,0.00077735,0.00077735,0.00077735
249,2079.64,0.67937,1.15435,0.46677,0.87348,0.72417,0.67127,0.72075,0.46704,0.70737,0.65925,0.68748,0.40815,1.24791,2.43681,0.99572,1.11227,0.0007724,0.0007724,0.0007724
250,2090.49,0.73195,1.26228,0.47752,0.87389,0.69816,0.67045,0.70361,0.46118,0.69353,0.65909,0.67549,0.4068,1.23284,2.42674,1.01948,1.11485,0.00076745,0.00076745,0.00076745
251,2100.83,0.7663,1.33361,0.52672,0.89865,0.69816,0.67045,0.70361,0.46118,0.69353,0.65909,0.67549,0.4068,1.23284,2.42674,1.01948,1.11485,0.0007625,0.0007625,0.0007625
252,2105.96,0.72071,1.21398,0.48899,0.8898,0.71777,0.6647,0.68367,0.4408,0.70998,0.65909,0.66705,0.39773,1.27322,2.49532,1.03636,1.13178,0.00075755,0.00075755,0.00075755
253,2112.34,0.76647,1.236,0.5084,0.90347,0.71777,0.6647,0.68367,0.4408,0.70998,0.65909,0.66705,0.39773,1.27322,2.49532,1.03636,1.13178,0.0007526,0.0007526,0.0007526
254,2120.07,0.7253,1.24256,0.50089,0.89591,0.66982,0.72727,0.6945,0.4415,0.66656,0.67614,0.66696,0.39529,1.27093,2.43301,1.01423,1.13304,0.00074765,0.00074765,0.00074765
255,2131.34,0.73062,1.19367,0.48102,0.86789,0.66982,0.72727,0.6945,0.4415,0.66656,0.67614,0.66696,0.39529,1.27093,2.43301,1.01423,1.13304,0.0007427,0.0007427,0.0007427
256,2139.95,0.74629,1.26177,0.50628,0.89659,0.62218,0.73295,0.68535,0.44978,0.61735,0.72727,0.67225,0.39116,1.24343,2.42896,0.97862,1.13536,0.00073775,0.00073775,0.00073775
257,2148.55,0.65437,1.08463,0.45208,0.8633,0.62218,0.73295,0.68535,0.44978,0.61735,0.72727,0.67225,0.39116,1.24343,2.42896,0.97862,1.13536,0.0007328,0.0007328,0.0007328
258,2158.31,0.68689,1.23231,0.48182,0.87677,0.69282,0.69199,0.70651,0.4609,0.6985,0.69768,0.69596,0.4025,1.24797,2.44646,0.95234,1.14487,0.00072785,0.00072785,0.00072785
259,2167.18,0.69339,1.16209,0.47085,0.88933,0.69282,0.69199,0.70651,0.4609,0.6985,0.69768,0.69596,0.4025,1.24797,2.44646,0.95234,1.14487,0.0007229,0.0007229,0.0007229
260,2175.55,0.70107,1.22406,0.47678,0.8637,0.68807,0.6875,0.69812,0.45808,0.69376,0.69318,0.69672,0.40173,1.21569,2.37535,0.97889,1.11777,0.00071795,0.00071795,0.00071795
261,2183.57,0.65511,1.11512,0.4712,0.88242,0.68807,0.6875,0.69812,0.45808,0.69376,0.69318,0.69672,0.40173,1.21569,2.37535,0.97889,1.11777,0.000713,0.000713,0.000713
262,2191.91,0.74211,1.24236,0.48203,0.88555,0.657,0.70742,0.69052,0.4566,0.66769,0.71023,0.68713,0.39405,1.22642,2.33489,0.9889,1.11973,0.00070805,0.00070805,0.00070805
263,2199.67,0.73907,1.15894,0.48495,0.88119,0.657,0.70742,0.69052,0.4566,0.66769,0.71023,0.68713,0.39405,1.22642,2.33489,0.9889,1.11973,0.0007031,0.0007031,0.0007031
264,2207.69,0.66391,1.16501,0.45971,0.88772,0.63172,0.77273,0.69802,0.45288,0.62707,0.76705,0.68872,0.3893,1.27738,2.41261,0.9904,1.15308,0.00069815,0.00069815,0.00069815
265,2217.89,0.69239,1.14462,0.47,0.86805,0.63172,0.77273,0.69802,0.45288,0.62707,0.76705,0.68872,0.3893,1.27738,2.41261,0.9904,1.15308,0.0006932,0.0006932,0.0006932
266,2225.78,0.73703,1.23154,0.4923,0.88309,0.68535,0.71781,0.7013,0.45209,0.66867,0.69947,0.6727,0.39688,1.24926,2.43251,0.98855,1.14627,0.00068825,0.00068825,0.00068825
267,2234.15,0.68418,1.20991,0.47528,0.88851,0.68535,0.71781,0.7013,0.45209,0.66867,0.69947,0.6727,0.39688,1.24926,2.43251,0.98855,1.14627,0.0006833,0.0006833,0.0006833
268,2241.47,0.66643,1.14338,0.46472,0.873,0.68584,0.71591,0.71543,0.46947,0.65912,0.69318,0.69041,0.41783,1.22308,2.41185,0.97152,1.13146,0.00067835,0.00067835,0.00067835
269,2251.52,0.65619,1.13706,0.44665,0.86855,0.68584,0.71591,0.71543,0.46947,0.65912,0.69318,0.69041,0.41783,1.22308,2.41185,0.97152,1.13146,0.0006734,0.0006734,0.0006734
270,2260.32,0.6941,1.14754,0.45863,0.88396,0.66786,0.71976,0.72042,0.47577,0.66786,0.71976,0.70691,0.41595,1.24129,2.4857,0.98055,1.13809,0.00066845,0.00066845,0.00066845
271,2271.2,0.68142,1.10647,0.45301,0.8578,0.66786,0.71976,0.72042,0.47577,0.66786,0.71976,0.70691,0.41595,1.24129,2.4857,0.98055,1.13809,0.0006635,0.0006635,0.0006635
272,2281.15,0.64753,1.10615,0.43631,0.86825,0.67546,0.69886,0.72193,0.46579,0.67028,0.6875,0.69537,0.39434,1.2961,2.56542,1.01265,1.16039,0.00065855,0.00065855,0.00065855
273,2292.78,0.69009,1.21015,0.46136,0.88385,0.67546,0.69886,0.72193,0.46579,0.67028,0.6875,0.69537,0.39434,1.2961,2.56542,1.01265,1.16039,0.0006536,0.0006536,0.0006536
274,2301.84,0.67987,1.09422,0.46107,0.86771,0.62496,0.73864,0.70893,0.46361,0.63312,0.71591,0.69305,0.39778,1.26475,2.50911,1.06051,1.12701,0.00064865,0.00064865,0.00064865
275,2310.12,0.6795,1.07095,0.4575,0.86495,0.62496,0.73864,0.70893,0.46361,0.63312,0.71591,0.69305,0.39778,1.26475,2.50911,1.06051,1.12701,0.0006437,0.0006437,0.0006437
276,2319.79,0.7533,1.22936,0.48586,0.86722,0.66454,0.72159,0.715,0.46693,0.64884,0.70455,0.69633,0.4122,1.22356,2.3833,1.01747,1.11409,0.00063875,0.00063875,0.00063875
277,2327.07,0.65669,1.0637,0.45096,0.85579,0.66454,0.72159,0.715,0.46693,0.64884,0.70455,0.69633,0.4122,1.22356,2.3833,1.01747,1.11409,0.0006338,0.0006338,0.0006338
278,2334.73,0.68962,1.12272,0.45133,0.86113,0.64981,0.73864,0.72785,0.46371,0.64481,0.73295,0.70738,0.4167,1.228,2.40554,0.97427,1.11162,0.00062885,0.00062885,0.00062885
279,2343.74,0.66655,1.04502,0.44008,0.86296,0.64981,0.73864,0.72785,0.46371,0.64481,0.73295,0.70738,0.4167,1.228,2.40554,0.97427,1.11162,0.0006239,0.0006239,0.0006239
280,2351.86,0.66606,1.19384,0.46588,0.88646,0.68959,0.65909,0.72331,0.47655,0.69392,0.65909,0.7034,0.4174,1.20672,2.39165,0.96799,1.10897,0.00061895,0.00061895,0.00061895
281,2362.63,0.71207,1.15873,0.46202,0.86607,0.68959,0.65909,0.72331,0.47655,0.69392,0.65909,0.7034,0.4174,1.20672,2.39165,0.96799,1.10897,0.000614,0.000614,0.000614
282,2374.98,0.64072,1.09366,0.4291,0.85958,0.6845,0.64205,0.70557,0.46781,0.70727,0.63068,0.68878,0.41406,1.20879,2.33945,0.98364,1.12037,0.00060905,0.00060905,0.00060905
283,2384.56,0.68035,1.14392,0.45712,0.8704,0.6845,0.64205,0.70557,0.46781,0.70727,0.63068,0.68878,0.41406,1.20879,2.33945,0.98364,1.12037,0.0006041,0.0006041,0.0006041
284,2397.25,0.64742,1.08986,0.44334,0.86539,0.71607,0.63068,0.69466,0.4584,0.61645,0.73295,0.68288,0.39394,1.22007,2.37422,0.98311,1.12824,0.00059915,0.00059915,0.00059915
285,2407.72,0.66881,1.12553,0.46023,0.87392,0.71607,0.63068,0.69466,0.4584,0.61645,0.73295,0.68288,0.39394,1.22007,2.37422,0.98311,1.12824,0.0005942,0.0005942,0.0005942
286,2418.53,0.65132,1.09874,0.44827,0.86548,0.64298,0.65492,0.6825,0.45353,0.67625,0.61932,0.66736,0.39862,1.20856,2.38249,1.01173,1.12445,0.00058925,0.00058925,0.00058925
287,2431.92,0.6284,1.04866,0.43372,0.86598,0.64298,0.65492,0.6825,0.45353,0.67625,0.61932,0.66736,0.39862,1.20856,2.38249,1.01173,1.12445,0.0005843,0.0005843,0.0005843
288,2440.55,0.67238,1.21596,0.49752,0.89146,0.63984,0.65341,0.68515,0.45161,0.62871,0.64205,0.66594,0.40104,1.21951,2.38053,0.99952,1.15225,0.00057935,0.00057935,0.00057935
289,2449.63,0.66657,1.2132,0.46275,0.87225,0.63984,0.65341,0.68515,0.45161,0.62871,0.64205,0.66594,0.40104,1.21951,2.38053,0.99952,1.15225,0.0005744,0.0005744,0.0005744
290,2460.85,0.59629,1.00487,0.41525,0.85915,0.57773,0.70455,0.67565,0.44522,0.66273,0.59173,0.66195,0.39872,1.23401,2.41758,1.01922,1.16722,0.00056945,0.00056945,0.00056945
291,2471.46,0.64292,1.10118,0.4297,0.86206,0.57773,0.70455,0.67565,0.44522,0.66273,0.59173,0.66195,0.39872,1.23401,2.41758,1.01922,1.16722,0.0005645,0.0005645,0.0005645
292,2481.47,0.70339,1.15872,0.46648,0.86618,0.61285,0.69886,0.68112,0.44649,0.60288,0.6875,0.66238,0.40181,1.2495,2.42778,1.02913,1.16002,0.00055955,0.00055955,0.00055955
293,2489.81,0.6367,1.05361,0.43182,0.86623,0.61285,0.69886,0.68112,0.44649,0.60288,0.6875,0.66238,0.40181,1.2495,2.42778,1.02913,1.16002,0.0005546,0.0005546,0.0005546
294,2497.48,0.59727,1.03389,0.4216,0.86488,0.64868,0.6924,0.67826,0.44534,0.64358,0.68738,0.66461,0.40582,1.26439,2.44109,1.04979,1.15265,0.00054965,0.00054965,0.00054965
295,2503.44,0.67295,1.19172,0.47463,0.88274,0.64868,0.6924,0.67826,0.44534,0.64358,0.68738,0.66461,0.40582,1.26439,2.44109,1.04979,1.15265,0.0005447,0.0005447,0.0005447
296,2509.98,0.6963,1.19969,0.49942,0.88908,0.67937,0.66477,0.68605,0.45312,0.67157,0.65909,0.67313,0.40268,1.26877,2.48636,1.05254,1.15382,0.00053975,0.00053975,0.00053975
297,2519.69,0.60178,1.03004,0.42504,0.85976,0.67937,0.66477,0.68605,0.45312,0.67157,0.65909,0.67313,0.40268,1.26877,2.48636,1.05254,1.15382,0.0005348,0.0005348,0.0005348
298,2529.01,0.6726,1.14446,0.45474,0.86104,0.67864,0.66477,0.69372,0.46128,0.66765,0.65341,0.68225,0.39722,1.26003,2.5294,1.03912,1.16145,0.00052985,0.00052985,0.00052985
299,2541.48,0.58192,1.01402,0.4167,0.8442,0.67864,0.66477,0.69372,0.46128,0.66765,0.65341,0.68225,0.39722,1.26003,2.5294,1.03912,1.16145,0.0005249,0.0005249,0.0005249
300,2550.92,0.59854,1.01055,0.42434,0.85428,0.65249,0.69344,0.71107,0.4663,0.66535,0.66477,0.69952,0.40435,1.25908,2.54599,1.0261,1.16597,0.00051995,0.00051995,0.00051995
301,2561.35,0.66318,1.13736,0.45587,0.86558,0.65249,0.69344,0.71107,0.4663,0.66535,0.66477,0.69952,0.40435,1.25908,2.54599,1.0261,1.16597,0.000515,0.000515,0.000515
302,2572.04,0.58164,1.02012,0.4176,0.85362,0.68952,0.6875,0.71706,0.4715,0.68185,0.66975,0.701,0.40603,1.23228,2.48588,1.03492,1.156,0.00051005,0.00051005,0.00051005
303,2581.09,0.64102,1.0694,0.43582,0.85973,0.68952,0.6875,0.71706,0.4715,0.68185,0.66975,0.701,0.40603,1.23228,2.48588,1.03492,1.156,0.0005051,0.0005051,0.0005051
304,2588.56,0.66827,1.13324,0.44819,0.86726,0.67686,0.72159,0.71831,0.47141,0.66218,0.70166,0.69472,0.40996,1.22045,2.45199,1.05118,1.14129,0.00050015,0.00050015,0.00050015
305,2595.83,0.58931,1.0049,0.41483,0.84318,0.67686,0.72159,0.71831,0.47141,0.66218,0.70166,0.69472,0.40996,1.22045,2.45199,1.05118,1.14129,0.0004952,0.0004952,0.0004952
306,2605.02,0.63011,1.00665,0.42985,0.84677,0.692,0.70455,0.72736,0.48006,0.6861,0.69547,0.70661,0.41645,1.23241,2.41512,1.02077,1.15183,0.00049025,0.00049025,0.00049025
307,2613,0.54718,0.96969,0.38394,0.843,0.692,0.70455,0.72736,0.48006,0.6861,0.69547,0.70661,0.41645,1.23241,2.41512,1.02077,1.15183,0.0004853,0.0004853,0.0004853
308,2623.12,0.66391,1.02343,0.42293,0.8617,0.66246,0.71023,0.72434,0.48924,0.66246,0.71023,0.71023,0.43227,1.22735,2.39248,1.00656,1.14925,0.00048035,0.00048035,0.00048035
309,2629.21,0.59139,1.04632,0.40113,0.85827,0.66246,0.71023,0.72434,0.48924,0.66246,0.71023,0.71023,0.43227,1.22735,2.39248,1.00656,1.14925,0.0004754,0.0004754,0.0004754
310,2636.56,0.59053,0.9876,0.41328,0.84308,0.68246,0.65942,0.71391,0.47954,0.68279,0.6482,0.69443,0.4217,1.20367,2.35149,1.03357,1.14445,0.00047045,0.00047045,0.00047045
311,2648.87,0.60793,0.98368,0.4217,0.86184,0.68246,0.65942,0.71391,0.47954,0.68279,0.6482,0.69443,0.4217,1.20367,2.35149,1.03357,1.14445,0.0004655,0.0004655,0.0004655
312,2660.84,0.60718,1.06207,0.41619,0.85444,0.66238,0.66883,0.70583,0.4698,0.66679,0.65341,0.67843,0.41309,1.21025,2.37208,1.06539,1.13692,0.00046055,0.00046055,0.00046055
313,2671.66,0.64724,1.10415,0.44083,0.84222,0.66238,0.66883,0.70583,0.4698,0.66679,0.65341,0.67843,0.41309,1.21025,2.37208,1.06539,1.13692,0.0004556,0.0004556,0.0004556
314,2680.89,0.59953,1.0398,0.4094,0.84869,0.69598,0.66336,0.7079,0.47237,0.69002,0.65768,0.68937,0.42477,1.2083,2.36239,1.02792,1.14002,0.00045065,0.00045065,0.00045065
315,2689.15,0.69863,1.29004,0.47594,0.89839,0.69598,0.66336,0.7079,0.47237,0.69002,0.65768,0.68937,0.42477,1.2083,2.36239,1.02792,1.14002,0.0004457,0.0004457,0.0004457
316,2697.44,0.59128,1.00848,0.41054,0.84068,0.64993,0.67513,0.70699,0.4695,0.66799,0.63068,0.67593,0.40818,1.21049,2.34179,1.01848,1.14007,0.00044075,0.00044075,0.00044075
317,2705.81,0.56512,0.93657,0.39672,0.83959,0.64993,0.67513,0.70699,0.4695,0.66799,0.63068,0.67593,0.40818,1.21049,2.34179,1.01848,1.14007,0.0004358,0.0004358,0.0004358
318,2712.74,0.5869,1.02095,0.41088,0.85847,0.65259,0.69886,0.70475,0.47282,0.65987,0.64205,0.67744,0.4011,1.20858,2.31706,1.0161,1.13301,0.00043085,0.00043085,0.00043085
319,2720.76,0.62379,1.01451,0.42952,0.86959,0.65259,0.69886,0.70475,0.47282,0.65987,0.64205,0.67744,0.4011,1.20858,2.31706,1.0161,1.13301,0.0004259,0.0004259,0.0004259
320,2729.91,0.61243,1.01979,0.42316,0.84344,0.63863,0.72296,0.71042,0.47078,0.62376,0.7065,0.68391,0.39824,1.20491,2.34151,1.01323,1.12565,0.00042095,0.00042095,0.00042095
321,2736.74,0.59157,1.03847,0.41533,0.85906,0.63863,0.72296,0.71042,0.47078,0.62376,0.7065,0.68391,0.39824,1.20491,2.34151,1.01323,1.12565,0.000416,0.000416,0.000416
322,2744.16,0.60462,1.0306,0.42399,0.85205,0.60208,0.73864,0.70853,0.47059,0.69652,0.62594,0.6929,0.39858,1.20614,2.35714,1.02138,1.12709,0.00041105,0.00041105,0.00041105
323,2753.88,0.63162,1.11128,0.43401,0.87354,0.60208,0.73864,0.70853,0.47059,0.69652,0.62594,0.6929,0.39858,1.20614,2.35714,1.02138,1.12709,0.0004061,0.0004061,0.0004061
324,2764.38,0.61306,1.01458,0.41868,0.88364,0.70379,0.63636,0.6993,0.46441,0.70379,0.63636,0.68656,0.4015,1.21313,2.3572,1.03783,1.13088,0.00040115,0.00040115,0.00040115
325,2772.18,0.64157,1.06562,0.42019,0.84514,0.70379,0.63636,0.6993,0.46441,0.70379,0.63636,0.68656,0.4015,1.21313,2.3572,1.03783,1.13088,0.0003962,0.0003962,0.0003962
326,2780.88,0.59675,0.93681,0.40635,0.84576,0.64402,0.67045,0.69327,0.45384,0.68227,0.63444,0.68166,0.40108,1.23483,2.38074,1.04495,1.14433,0.00039125,0.00039125,0.00039125
327,2788.01,0.58797,1.01894,0.40746,0.83766,0.64402,0.67045,0.69327,0.45384,0.68227,0.63444,0.68166,0.40108,1.23483,2.38074,1.04495,1.14433,0.0003863,0.0003863,0.0003863
328,2795.02,0.60435,1.08611,0.41807,0.85856,0.65052,0.66631,0.68208,0.44834,0.65037,0.65909,0.67151,0.39557,1.26687,2.39616,1.04141,1.15405,0.00038135,0.00038135,0.00038135
329,2803.66,0.57667,0.98766,0.39672,0.85329,0.65052,0.66631,0.68208,0.44834,0.65037,0.65909,0.67151,0.39557,1.26687,2.39616,1.04141,1.15405,0.0003764,0.0003764,0.0003764
330,2811.43,0.59503,0.98093,0.40459,0.84674,0.60003,0.72159,0.68497,0.44819,0.64153,0.65341,0.67124,0.39309,1.2331,2.38099,1.04822,1.1283,0.00037145,0.00037145,0.00037145
331,2818.87,0.57516,1.0646,0.40832,0.86588,0.60003,0.72159,0.68497,0.44819,0.64153,0.65341,0.67124,0.39309,1.2331,2.38099,1.04822,1.1283,0.0003665,0.0003665,0.0003665
332,2827.48,0.57841,0.95003,0.39297,0.84077,0.62765,0.69318,0.69391,0.45745,0.61854,0.68182,0.67554,0.41005,1.19722,2.35266,1.02756,1.11117,0.00036155,0.00036155,0.00036155
333,2835.93,0.60562,0.99393,0.40708,0.84527,0.62765,0.69318,0.69391,0.45745,0.61854,0.68182,0.67554,0.41005,1.19722,2.35266,1.02756,1.11117,0.0003566,0.0003566,0.0003566
334,2844.92,0.60286,0.97165,0.4049,0.84457,0.62273,0.70341,0.70717,0.47215,0.61277,0.69233,0.69115,0.41791,1.19848,2.35009,1.01004,1.11333,0.00035165,0.00035165,0.00035165
335,2852.39,0.55378,0.95021,0.38805,0.83012,0.62273,0.70341,0.70717,0.47215,0.61277,0.69233,0.69115,0.41791,1.19848,2.35009,1.01004,1.11333,0.0003467,0.0003467,0.0003467
336,2859.21,0.58238,1.02509,0.40907,0.87161,0.63703,0.71023,0.7088,0.4769,0.62684,0.69886,0.68804,0.4205,1.22339,2.40334,1.01161,1.12707,0.00034175,0.00034175,0.00034175
337,2869.21,0.56077,1.00743,0.40155,0.8404,0.63703,0.71023,0.7088,0.4769,0.62684,0.69886,0.68804,0.4205,1.22339,2.40334,1.01161,1.12707,0.0003368,0.0003368,0.0003368
338,2877.27,0.64867,1.16976,0.44723,0.85587,0.6336,0.70455,0.70801,0.47708,0.63361,0.69763,0.69588,0.42778,1.2279,2.44001,1.02408,1.13044,0.00033185,0.00033185,0.00033185
339,2885.58,0.61139,1.03455,0.40479,0.84159,0.6336,0.70455,0.70801,0.47708,0.63361,0.69763,0.69588,0.42778,1.2279,2.44001,1.02408,1.13044,0.0003269,0.0003269,0.0003269
340,2892.1,0.55196,0.97592,0.39109,0.84733,0.63415,0.69318,0.70635,0.47642,0.62288,0.6757,0.68389,0.42395,1.20937,2.42137,1.03809,1.12166,0.00032195,0.00032195,0.00032195
341,2901.77,0.58659,0.98723,0.4151,0.87801,0.63415,0.69318,0.70635,0.47642,0.62288,0.6757,0.68389,0.42395,1.20937,2.42137,1.03809,1.12166,0.000317,0.000317,0.000317
342,2909.68,0.56505,1.04026,0.416,0.8805,0.65235,0.64205,0.6948,0.47172,0.64658,0.63636,0.67913,0.42525,1.187,2.41748,1.02932,1.11738,0.00031205,0.00031205,0.00031205
343,2917.19,0.62654,1.0935,0.41356,0.86002,0.65235,0.64205,0.6948,0.47172,0.64658,0.63636,0.67913,0.42525,1.187,2.41748,1.02932,1.11738,0.0003071,0.0003071,0.0003071
344,2924.73,0.6121,1.02098,0.40726,0.86022,0.68751,0.625,0.69088,0.46832,0.68077,0.61932,0.67535,0.42173,1.19865,2.38284,1.02474,1.12069,0.00030215,0.00030215,0.00030215
345,2931.86,0.61451,0.99984,0.4135,0.82925,0.68751,0.625,0.69088,0.46832,0.68077,0.61932,0.67535,0.42173,1.19865,2.38284,1.02474,1.12069,0.0002972,0.0002972,0.0002972
346,2944.34,0.59511,0.99469,0.39799,0.84018,0.70112,0.64205,0.68996,0.45979,0.70112,0.64205,0.66901,0.41192,1.22934,2.41426,1.03243,1.13723,0.00029225,0.00029225,0.00029225
347,2954.17,0.56886,0.94881,0.39887,0.83865,0.70112,0.64205,0.68996,0.45979,0.70112,0.64205,0.66901,0.41192,1.22934,2.41426,1.03243,1.13723,0.0002873,0.0002873,0.0002873
348,2962.6,0.58129,0.95207,0.39304,0.84729,0.71484,0.63068,0.68898,0.45928,0.71484,0.63068,0.67362,0.41164,1.23283,2.45119,1.04452,1.14189,0.00028235,0.00028235,0.00028235
349,2971.05,0.58146,0.99631,0.408,0.85666,0.71484,0.63068,0.68898,0.45928,0.71484,0.63068,0.67362,0.41164,1.23283,2.45119,1.04452,1.14189,0.0002774,0.0002774,0.0002774
350,2980.31,0.57841,0.93743,0.3915,0.83611,0.69685,0.65306,0.68893,0.46419,0.69618,0.64205,0.67497,0.41713,1.2056,2.40665,1.03048,1.13358,0.00027245,0.00027245,0.00027245
351,2993.25,0.56338,0.97197,0.39949,0.83699,0.69685,0.65306,0.68893,0.46419,0.69618,0.64205,0.67497,0.41713,1.2056,2.40665,1.03048,1.13358,0.0002675,0.0002675,0.0002675
352,3003.08,0.54197,0.96198,0.38522,0.85551,0.67446,0.67045,0.69409,0.46564,0.69318,0.64205,0.67988,0.42543,1.19217,2.38409,1.0303,1.12871,0.00026255,0.00026255,0.00026255
353,3014.16,0.54184,0.9098,0.38177,0.83162,0.67446,0.67045,0.69409,0.46564,0.69318,0.64205,0.67988,0.42543,1.19217,2.38409,1.0303,1.12871,0.0002576,0.0002576,0.0002576
354,3022.65,0.53111,0.88247,0.37925,0.84224,0.68752,0.6875,0.69613,0.46765,0.67615,0.67614,0.68519,0.43009,1.20856,2.41995,1.03996,1.13701,0.00025265,0.00025265,0.00025265
355,3034.29,0.54026,0.9315,0.40155,0.85974,0.68752,0.6875,0.69613,0.46765,0.67615,0.67614,0.68519,0.43009,1.20856,2.41995,1.03996,1.13701,0.0002477,0.0002477,0.0002477
356,3043.2,0.62556,1.07654,0.4278,0.84685,0.70844,0.69318,0.70379,0.46545,0.69758,0.67614,0.69211,0.43425,1.22122,2.44741,1.05048,1.14441,0.00024275,0.00024275,0.00024275
357,3051.47,0.56931,0.98976,0.39785,0.84911,0.70844,0.69318,0.70379,0.46545,0.69758,0.67614,0.69211,0.43425,1.22122,2.44741,1.05048,1.14441,0.0002378,0.0002378,0.0002378
358,3059.49,0.5348,0.89906,0.37829,0.83798,0.71422,0.71001,0.7146,0.47727,0.69703,0.69318,0.69973,0.43693,1.21081,2.46275,1.03167,1.1342,0.00023285,0.00023285,0.00023285
359,3068.98,0.53176,0.90049,0.37795,0.84179,0.71422,0.71001,0.7146,0.47727,0.69703,0.69318,0.69973,0.43693,1.21081,2.46275,1.03167,1.1342,0.0002279,0.0002279,0.0002279
360,3079.7,0.55203,0.93453,0.38909,0.83663,0.67781,0.73295,0.71625,0.48307,0.66181,0.71591,0.70127,0.43956,1.20286,2.42588,1.02611,1.12797,0.00022295,0.00022295,0.00022295
361,3088.61,0.54143,0.91713,0.37834,0.82187,0.67781,0.73295,0.71625,0.48307,0.66181,0.71591,0.70127,0.43956,1.20286,2.42588,1.02611,1.12797,0.000218,0.000218,0.000218
362,3100.48,0.56076,0.94896,0.39364,0.86713,0.69183,0.6875,0.70801,0.48272,0.67915,0.67614,0.69332,0.44059,1.19382,2.41795,1.02459,1.1158,0.00021305,0.00021305,0.00021305
363,3109.71,0.50497,0.83779,0.36292,0.82813,0.69183,0.6875,0.70801,0.48272,0.67915,0.67614,0.69332,0.44059,1.19382,2.41795,1.02459,1.1158,0.0002081,0.0002081,0.0002081
364,3119.31,0.60699,1.06108,0.41303,0.86232,0.71289,0.67614,0.71203,0.47932,0.69284,0.65909,0.68921,0.43543,1.19998,2.40141,1.0335,1.11516,0.00020315,0.00020315,0.00020315
365,3134.37,0.58599,0.96821,0.39305,0.84533,0.71289,0.67614,0.71203,0.47932,0.69284,0.65909,0.68921,0.43543,1.19998,2.40141,1.0335,1.11516,0.0001982,0.0001982,0.0001982
366,3141.48,0.53035,0.98198,0.369,0.84072,0.69444,0.68439,0.71354,0.47268,0.68702,0.65909,0.69049,0.42486,1.21407,2.42074,1.04765,1.12127,0.00019325,0.00019325,0.00019325
367,3150.91,0.57072,0.93535,0.38848,0.83477,0.69444,0.68439,0.71354,0.47268,0.68702,0.65909,0.69049,0.42486,1.21407,2.42074,1.04765,1.12127,0.0001883,0.0001883,0.0001883
368,3160.24,0.54106,1.00159,0.3977,0.83802,0.65161,0.72265,0.70183,0.46781,0.64137,0.71128,0.68687,0.42936,1.2214,2.42139,1.05267,1.12625,0.00018335,0.00018335,0.00018335
369,3173.12,0.55498,0.9441,0.39205,0.84108,0.65161,0.72265,0.70183,0.46781,0.64137,0.71128,0.68687,0.42936,1.2214,2.42139,1.05267,1.12625,0.0001784,0.0001784,0.0001784
370,3188.59,0.54102,0.93299,0.38778,0.84307,0.65802,0.71023,0.69493,0.46717,0.65356,0.70455,0.68788,0.42696,1.21991,2.39567,1.05203,1.13062,0.00017345,0.00017345,0.00017345
371,3202.43,0.61207,0.9997,0.41096,0.85722,0.65802,0.71023,0.69493,0.46717,0.65356,0.70455,0.68788,0.42696,1.21991,2.39567,1.05203,1.13062,0.0001685,0.0001685,0.0001685
372,3225.22,0.56466,0.98197,0.39317,0.83007,0.6638,0.72919,0.70241,0.46974,0.65345,0.71783,0.69023,0.42921,1.20419,2.40686,1.03944,1.12763,0.00016355,0.00016355,0.00016355
373,3254.86,0.50644,0.85524,0.36146,0.83221,0.6638,0.72919,0.70241,0.46974,0.65345,0.71783,0.69023,0.42921,1.20419,2.40686,1.03944,1.12763,0.0001586,0.0001586,0.0001586
374,3268.94,0.52533,0.86896,0.37087,0.83551,0.67282,0.72443,0.70013,0.46996,0.66238,0.71344,0.6884,0.42747,1.19274,2.41645,1.03173,1.12213,0.00015365,0.00015365,0.00015365
375,3286.08,0.54396,0.94191,0.38145,0.8459,0.67282,0.72443,0.70013,0.46996,0.66238,0.71344,0.6884,0.42747,1.19274,2.41645,1.03173,1.12213,0.0001487,0.0001487,0.0001487
376,3300.26,0.52763,0.92769,0.37691,0.83844,0.67974,0.73563,0.71419,0.47658,0.66403,0.71872,0.69398,0.43348,1.2002,2.41929,1.03227,1.12415,0.00014375,0.00014375,0.00014375
377,3313.7,0.51138,0.8739,0.37857,0.82958,0.67974,0.73563,0.71419,0.47658,0.66403,0.71872,0.69398,0.43348,1.2002,2.41929,1.03227,1.12415,0.0001388,0.0001388,0.0001388
378,3336.03,0.51089,0.87199,0.36813,0.8355,0.68035,0.72727,0.71605,0.47844,0.66395,0.71023,0.69918,0.43077,1.20799,2.44566,1.03278,1.12512,0.00013385,0.00013385,0.00013385
379,3351.68,0.47203,0.84247,0.35452,0.82922,0.68035,0.72727,0.71605,0.47844,0.66395,0.71023,0.69918,0.43077,1.20799,2.44566,1.03278,1.12512,0.0001289,0.0001289,0.0001289
380,3360.57,0.56913,0.94007,0.39324,0.84874,0.69018,0.70883,0.71228,0.47782,0.67941,0.69886,0.6998,0.4375,1.20931,2.44096,1.03475,1.12839,0.00012395,0.00012395,0.00012395
381,3373.5,0.55146,0.92811,0.3853,0.8399,0.69018,0.70883,0.71228,0.47782,0.67941,0.69886,0.6998,0.4375,1.20931,2.44096,1.03475,1.12839,0.000119,0.000119,0.000119
382,3384.15,0.54097,0.95157,0.38532,0.84496,0.68722,0.71023,0.71131,0.47949,0.67233,0.69949,0.70001,0.43533,1.19934,2.43518,1.03127,1.12422,0.00011405,0.00011405,0.00011405
383,3394.14,0.55978,0.89954,0.39854,0.85086,0.68722,0.71023,0.71131,0.47949,0.67233,0.69949,0.70001,0.43533,1.19934,2.43518,1.03127,1.12422,0.0001091,0.0001091,0.0001091
384,3402.65,0.55399,0.94206,0.37002,0.82962,0.68247,0.71023,0.71133,0.47967,0.67155,0.69886,0.70078,0.43861,1.19177,2.41942,1.02732,1.12177,0.00010415,0.00010415,0.00010415
385,3414.91,0.53016,0.8879,0.37312,0.84115,0.68247,0.71023,0.71133,0.47967,0.67155,0.69886,0.70078,0.43861,1.19177,2.41942,1.02732,1.12177,9.92e-05,9.92e-05,9.92e-05
386,3424.19,0.5689,1.03943,0.40075,0.8561,0.69403,0.70886,0.70772,0.47987,0.68291,0.6975,0.69897,0.44062,1.19227,2.40539,1.03412,1.12156,9.425e-05,9.425e-05,9.425e-05
387,3433.83,0.55191,0.95065,0.38165,0.84807,0.69403,0.70886,0.70772,0.47987,0.68291,0.6975,0.69897,0.44062,1.19227,2.40539,1.03412,1.12156,8.93e-05,8.93e-05,8.93e-05
388,3584.11,0.50955,0.85829,0.36951,0.83635,0.69768,0.70807,0.70878,0.482,0.68648,0.69671,0.6999,0.43737,1.1952,2.40966,1.03083,1.12219,8.435e-05,8.435e-05,8.435e-05
389,3595.83,0.52214,0.91234,0.36877,0.83925,0.69768,0.70807,0.70878,0.482,0.68648,0.69671,0.6999,0.43737,1.1952,2.40966,1.03083,1.12219,7.94e-05,7.94e-05,7.94e-05
390,3608.79,0.52795,0.89785,0.37617,0.84248,0.67398,0.71023,0.70977,0.47849,0.6629,0.69886,0.69936,0.4396,1.19944,2.40415,1.03491,1.12387,7.445e-05,7.445e-05,7.445e-05
391,3633.34,0.55123,0.98865,0.36486,0.85218,0.67398,0.71023,0.70977,0.47849,0.6629,0.69886,0.69936,0.4396,1.19944,2.40415,1.03491,1.12387,6.95e-05,6.95e-05,6.95e-05
392,3640.29,0.59993,1.01419,0.40579,0.85161,0.64778,0.74432,0.70869,0.47607,0.63789,0.73295,0.69724,0.44013,1.19908,2.41449,1.02628,1.12163,6.455e-05,6.455e-05,6.455e-05
393,3648.18,0.50204,0.86801,0.34338,0.82117,0.64778,0.74432,0.70869,0.47607,0.63789,0.73295,0.69724,0.44013,1.19908,2.41449,1.02628,1.12163,5.96e-05,5.96e-05,5.96e-05
394,3654.74,0.48279,0.87881,0.33484,0.82115,0.64829,0.73864,0.70921,0.47746,0.6377,0.72727,0.69577,0.44012,1.20583,2.42246,1.03607,1.12486,5.465e-05,5.465e-05,5.465e-05
395,3662.46,0.54637,0.92662,0.37644,0.82165,0.64829,0.73864,0.70921,0.47746,0.6377,0.72727,0.69577,0.44012,1.20583,2.42246,1.03607,1.12486,4.97e-05,4.97e-05,4.97e-05
396,3669.98,0.49905,0.89387,0.33967,0.83262,0.66053,0.71591,0.7057,0.47992,0.64995,0.70455,0.69638,0.43748,1.20632,2.43821,1.04275,1.127,4.475e-05,4.475e-05,4.475e-05
397,3677.1,0.51428,0.89738,0.35434,0.82652,0.66053,0.71591,0.7057,0.47992,0.64995,0.70455,0.69638,0.43748,1.20632,2.43821,1.04275,1.127,3.98e-05,3.98e-05,3.98e-05
398,3684.01,0.53952,0.9713,0.36982,0.85356,0.65062,0.73295,0.70527,0.47943,0.63888,0.72159,0.69692,0.437,1.21145,2.43669,1.04894,1.12777,3.485e-05,3.485e-05,3.485e-05
399,3690.83,0.53714,0.93152,0.36585,0.81818,0.65062,0.73295,0.70527,0.47943,0.63888,0.72159,0.69692,0.437,1.21145,2.43669,1.04894,1.12777,2.99e-05,2.99e-05,2.99e-05
400,3698.26,0.48571,0.8993,0.33578,0.8325,0.64844,0.7336,0.70663,0.48119,0.6384,0.72224,0.69842,0.4396,1.21257,2.44096,1.0541,1.12995,2.495e-05,2.495e-05,2.495e-05
